OC(=O)C=C	NIXOWILDQLNWCW
COC(=O)NC(=S)NC1=C(NC(=S)NC(=O)OC)C=CC=C1	QGHREAKMXXNCOA
CC1(C)N(Cl)C(=O)N(Br)C1=O	PQRDTUFVDILINV
CSCCC(O)C#N	VWWOJJANXYSACS
CCOP(=O)(SC(C)CC)SC(C)CC	KXRPCFINVWWFHQ
FC(F)(F)C(F)(F)C(Cl)Cl	COAUHYBSXMIJDK
CCO[SiH](C)OCC	SOGIFFQYRAXTDR
CCCCNCCCCCCNCCCC	VZRUGPJUVWRHKM
CC1=CC(=O)CC(C)(C)C1	HJOVHMDZYOCNQW
COC(=O)CCCF	ZVGDFKFLRMGSFF
CC(C)COC=C	OZCMOJQQLBXBKI
ClCCCBr	MFESCIUQSIBMSM
ClC(=O)OC1=CC=CC=C1	AHWALFGBDFAJAI
CCOP(=S)(OCC)OC(Cl)C(Cl)(Cl)Cl	XFDJMIHUAHSGKG
CCOC1=CC=C(C=C1)C1(CC1(Cl)Cl)C(=O)OC(C#N)C1=CC(OC2=CC=CC=C2)=CC=C1	CGTWCAVZZBLHQH
COP(=S)(OC)OC1=CC=C(C(C)=C1)[N+]([O-])=O	ZNOLGFHPUIJIMJ
O=C1CCCC1	BGTOWKSIORTVQH
FC(F)(F)C(F)(I)C(F)(F)F	BBZVTTKMXRPMHZ
CC1=C(OC2=CC=C(SC(F)(F)F)C=C2)C=CC(=C1)N=C=O	CZFVFSDQWWYJCG
CC(C)(C)C(O)C(OC1=CC=C(Cl)C=C1)N1C=NC=N1	BAZVSMNPJJMILC
CC(=O)C(Cl)=C(Cl)Cl	YIQIQDJXRIRNTD
ClC(=O)OCC=C	CAEWJEXPFKNBQL
CC(C)=NN=C(C)C	PFLUPZGCTVGDLV
CCN(CC)C(=O)CC(C)=O	NTMXFHGYWJIAAE
CCON=O	QQZWEECEMNQSTG
COCCl	XJUZRXYOEPSWMB
C1COCCOCCOCCO1	XQQZRZQVBFHBHL
CCOCOCC	KLKFAASOGCDTDT
COC=O	TZIHFWKZFHZASV
NCC=C	VVJKKWFAADXIJK
CC1(C)C(C=C(Br)Br)C1C(=O)OC(C#N)C1=CC=CC(OC2=CC=CC=C2)=C1	OWZREIFADZCYQD
COP(=O)(OC)OC1=C(Cl)C2C=CCC12	GBAWQJNHVWMTLU
[H]C(C(=O)NC)=C(C)OP(=O)(OC)OC	KRTSDMXIXPKRQR
CCCCCCCCCCCCC=C	HFDVRLIODXPAHB
CCCCCCCCCCCCCCCN	JPZYXGPCHFZBHO
CC1=CC(C)=C(N)C=C1	CZZZABOKJQXEBO
FC(F)(F)C(F)(F)C(F)(F)C(F)(F)C(F)(F)C(F)(F)CCI	NVVZEKTVIXIUKW
OC(=O)CS	CWERGRDVMFNCDR
CN(CCCN)CCCN	KMBPCQSCMCEPMU
CCCCN(CCCC)SN(C)C(=O)OC1=C2OC(C)(C)CC2=CC=C1	JLQUFIHWVLZVTJ
CN(C)C(=S)SSC(=S)N(C)C	KUAZQDVKQLNFPE
CCC(=O)OCCN=C=O	XORYIVGDQQWQCS
CCOP(=S)(OCC)OC1=NN(C=N1)C1=CC=CC=C1	AMFGTOFWMRQMEM
CCN(CC)C(=O)C1=CC=CC(C)=C1	MMOXZBCLCQITDF
ClCC=CCl	UOORRWUZONOOLO
CCN(CC)CC#N	LVPZSMIBSMMLPI
CC(C)OP(F)(=O)OC(C)C	MUCZHBLJLSDCSD
CP(Cl)(Cl)=O	SCLFRABIDYGTAZ
FC(F)(F)C(=O)C(F)(F)Cl	OJUUDWYPNQALHZ
CCSCCSP(=O)(OC)OC	WEBQKRLKWNIYKK
CC1(C)C(C=C(Cl)Cl)C1C(=O)OCC1=CC(OC2=CC=CC=C2)=CC=C1	RLLPVAHGXHCWKJ
CCCCCCCCCCCCS[Sn](C)(C)SCCCCCCCCCCCC	STFIYNYAZIBJNK
ClC(Cl)=C(Cl)C(Cl)(Cl)Cl	VFDYKPARTDCDCU
NC1=CC=CC=C1	PAYRUJLWNCNPSJ
CCC1=CN=C(C)C=C1	NTSLROIKFLNUIJ
CCO[Si](O)=O	JDAIJCNBFIWLJJ
CCCCCCCCC(C)CCCCCCCCC=C	PJKDPLADZLQFAS
COP(N)(=O)SC	NNKVPIKMPCQWCG
C1C=CC=C1	ZSWFCLXCOIISFI
NNC(=S)NN	LJTFFORYSFGNCT
C[Si](C)(O[Si](C)(C)C=C)C=C	BITPLIXHRASDQB
CC(C)C(Cl)=O	DGMOBVGABMBZSB
COC(=O)CCS	LDTLDBDUBGAEDT
C[Si](Cl)(Cl)CCCCl	UCJHMXXKIKBHQP
CSC(C)=NOC(=O)N(C)SN(C)C(=O)ON=C(C)SC	XDOTVMNBCQVZKG
O=C=NC[C@H]1CC[C@H](CN=C=O)CC1	ROHUXHMNZLHBSF
CC1=CC=CC=C1OCC1CO1	KFUSXMDYOPXKKT
CC1(C)C(C=C(Cl)C(F)(F)F)C1C(=O)OC(C#N)C1=CC=CC(OC2=CC=CC=C2)=C1	ZXQYGBMAQZUVMI
FC(F)OC(F)(F)C(F)Cl	JPGQOUSTVILISH
C[Si](C)(F)CCCC#N	RZHGQUVEZKATLV
CC(C)NC1=CC=CC=C1	FRCFWPVMFJMNDP
CN(C)C(Cl)=O	YIIMEMSDCNDGTB
BrC1=CC=C(C=C1)C1=CC=C(C=C1)C1CC(C2C(=O)OC3=C(C=CC=C3)C2=O)C2=C(C1)C=CC=C2	XDXSRIVLWONVPW
CC1CC(=O)CC(C)O1	FZXBJPDVINOGBR
ClC(Cl)=C(Cl)C(Cl)=C	RCBKHVTUYAGMLB
C1C=CC2=CC=CC=C12	YBYIRNPNPLQARY
CC(C)CCCCCCOC(C)=O	LJSJTXAZFHYHMM
NC1=CC(N)=CC=C1	WZCQRUWWHSTZEM
C=CCN=C=S	ZOJBYZNEUISWFT
C\C(CBr)=C/CBr	HICPKHPJQJZCFP
OCC1=CC=CO1	XPFVYQJUAUNWIW
OC1=CC2=C(SC(=O)O2)C=C1	SLYPOVJCSQHITR
CNC(=O)OC1=CC=CC=C1OC(C)C	ISRUGXGCCGIOQO
CC1=CC=C(C=C1)C(C)(C)C	QCWXDVFBZVHKLV
CC(C)CCCCCCOC(=O)C1=CC=C(C=C1)C(=O)OCCCCCCC(C)C	PEIIRIVDOVFUIW
CC(CN1CCCCC1)CC1=CC=C(C=C1)C(C)(C)C	MGNFYQILYYYUBS
CCC(C)(C)OO	XRXANEMIFVRKLN
CN(C)CCCN(CCCN(C)C)CCCN(C)C	DTKANQSCBACEPK
CCCCC(CC)COP(=O)(OC1=CC=CC=C1)OC1=CC=CC=C1	CGSLYBDCEGBZCG
CO[Si](CCCNCCNCCN)(OC)OC	NHBRUUFBSBSTHM
CC1=CC=C(C=C1Cl)N=C=O	UKTKKMZDESVUEE
FCF	RWRIWBAIICGTTQ
OCCC(F)(F)C(F)(F)C(F)(F)C(F)(F)C(F)(F)C(F)(F)F	GRJRKPMIRMSBNK
CCCCCCCCCCCCCCC=C	GQEZCXVZFLOKMC
COC(=O)CCCCCCCCC=C	KISVAASFGZJBCY
NC1=CC(=CC=C1)C(F)(F)F	VIUDTWATMPPKEL
CC(C)CCON=O	OWFXIOWLTKNBAP
CCCC	IJDNQMDRQITEOD
CCC1=CC=CC(CC)=C1N(COCC=CC)C(=O)CCl	HZDIJTXDRLNTIS
CCCCCCCCP(=O)(CCCCCCCC)CCC(C)C	WFNJCSZBFYCVEJ
CCCC(=O)CCC	HCFAJYNVAYBARA
CCN(C1CCCCC1)C(Cl)=O	ONKIPJDBUYZQMP
CC(O)C1=CC=CC=C1	WAPNOHKVXSQRPX
CNC(=O)ON=C(C)SC	UHXUZOCRWCRNSJ
CC1CS1	MBNVSWHUJDDZRH
CO[Si](CCCNCCN)(OC)OC	PHQOGHDTIVQXHL
CC(=O)OCC=C	FWZUNOYOVVKUNF
FC1=CC=CC(=N1)C(F)(F)F	IZOIOCQPMHHDHN
CN(C)[SiH](N(C)C)N(C)C	TWVSWDVJBJKDAA
CCCCOC(=O)CCS	MGFFVSDRCRVHLC
COC(C)OC	SPEUIVXLLWOEMJ
CC(=O)COC1=CC=CC=C1	QWAVNXZAQASOML
FC(F)(F)C(Cl)Br	BCQZXOMGPXTTIC
CBr	GZUXJHMPEANEGY
CCOP(=S)(OCC)SCCSCC	DOFZAZXDOSGAJZ
Cl[Si](Cl)(Cl)C=C	GQIUQDDJKHLHTB
CC(C)(N)C#N	JQULXIOYDDCNGR
CCOP(=S)(OCC)OC1=NC(=NC(C)=C1)C(C)C	FHIVAFMUCKRCQO
CCC(=C)C=O	GMLDCZYTIPCVMO
C1CCNC1	RWRDLPDLKQPQOW
CC(C)CC(C)(N)C#N	PRTTZMKZMXANFG
FC(F)C(F)(F)F	GTLACDSXYULKMZ
COC(C)(C)C	BZLVMXJERCGZMT
CCCCCCCCC	BKIMMITUMNQMOS
C[Si](C)(C)Cl	IJOOHPMOJXWVHK
CO[Si](C)(CCCNCCN)OC	MQWFLKHKWJMCEN
COC(=O)CF	RJBYSQHLLIHSLT
COP(=O)(OC)OC(C)=CC(=O)N(C)C	VEENJGZXVHKXNB
FC(F)(Cl)C(F)(Cl)Cl	AJDIZQLSFPQPEY
COP(Cl)(Cl)=S	BJTWJPDCJVKDBK
O1C=CC=C1	YLQBMQCUIZJEEH
ClC1C(Cl)C(Cl)C(Cl)C(Cl)C1Cl	JLYXXMFPNIAWKQ
CCC12COP(=O)(OC1)OC2	BYEFHDZWRALTEN
CCCCC(CC)C(Cl)=O	WFSGQBNCVASPMW
C=CC1=CC=CC=C1	PPBRXRYQALVLMV
ClCCSCCCl	QKSKPIVNLNLAAV
CC(C)COC(=O)C(C)C	RXGUIWHIADMCFC
CC(C)OCCO	HCGFUIQPSOCUHI
COP(=S)(OC)SCC(=O)N(C)C=O	AIKKULXCBHRFOS
CC(C)=C	VQTUBCCKSQIDNK
CCOP(=S)(OCC)SCSCC	BULVZWIRKLYCBC
CN1SC=CC1=O	BEGLCMHJXHIJLR
CC(=C)C(=O)OCCN=C=O	RBQRWNWVPQDTJJ
CN(C)N	RHUYHJGZWVXEHW
ClCC1C(CCl)C2(Cl)C(Cl)=C(Cl)C1(Cl)C2(Cl)Cl	FUZORIOHZSVKAW
O=C=NCCCCCCN=C=O	RRAMGCGOFNQTLD
FC(Cl)C(F)(Cl)Cl	BQNSLJQRJAJITR
C1CCOC1	WYURNTSHIVDZCO
C[Si](Cl)(Cl)C1=CC=CC=C1	GNEPOXWQWFSSOU
BrC1=CC=CC=C1	QARVLSVVCXYDNA
COP(Cl)(=S)OC	XFBJRFNXPUCPKU
CC1=CC(C)=CN=C1	HWWYDZCSSYKIAD
CCN(CC)CCO	BFSVOASYOCHEOV
[O-][N+](=O)C1=C(Cl)C(Cl)=C(Cl)C(Cl)=C1Cl	LKPLKUMXSAEKID
CCCC(C)=C	WWUVJRULCWHUSA
O=CC1CCC=CC1	DCFDVJPDXYGCOK
CCCN(C)C	ZUHZZVMEUAUWHY
C1CC=CCCC=CCCC=C1	ZOLLIQAKMYWTBR
CCOC(=O)CCl	VEUUMBGHMNQHGO
CCC=C(C)C	JMMZCWZIJXAGKW
CC1(C)C(C=C(Cl)Cl)C1C(=O)OC(C#N)C1=CC=C(F)C(OC2=CC=CC=C2)=C1	QQODLKZGRKWIFG
CCCN(CCC)C1=C(C=C(C=C1[N+]([O-])=O)C(F)(F)F)[N+]([O-])=O	ZSDSQXJSNMTJDA
C1COCCO1	RYHBNJHYFVUHQT
ClCCS(Cl)(=O)=O	VHCSBTPOPKFYIU
CCS(=O)CCSP(=O)(OC)OC	PMCVMORKVPSKHZ
CCCCCCC	IMNFDUFMRHMDMM
C1OC1C1CCC2OC2C1	OECTYKWYRCHAKR
CCN(CC)C(=O)C(Cl)=C(C)OP(=O)(OC)OC	RGCLLPNLLBQHPF
CCCCNC(=O)OCCOC(=O)C=C	FLKHVLRENDBIDB
CC(CCC#N)C#N	FPPLREPCQJZDAQ
CC1=C(Cl)C=CC=C1	IBSQPLPBRSHTTG
CCCCC(C)=O	QQZOPKMRPOGIEB
C1C2C=CC1C=C2	SJYNFBVQFBRSIB
CCCCC(CC)COP(Cl)(=O)OCC(CC)CCCC	KAUDXYPROPQHMN
FC(F)Br	GRCDJFHYVYUNHM
ClC1=C(Cl)C(Cl)=C(Cl)C(Cl)=C1Cl	CKAPSXZOOQJIBF
CCS	DNJIEGIFACGWOD
C=CC1CCCCC1	LDLDYFCCDKENPD
FC1=CC=C(C=C1)C(=O)CCl	UJZWJOQRSMOFMA
CC(C)CC(C)=O	NTIZESTWPVYFNL
C1CCC(CC1)N=C=NC1CCCCC1	QOSSAOTZNIDXMA
[O-][N+](=O)C1=CC=CC=C1	LQNUZADURLCDLV
CC(C)N	JJWLVOIRVHMVIS
ClCCN(CCCl)CCCl	FDAYLTPAFBGXAB
C[Si]1(C)O[Si](C)(C)O[Si](C)(C)O[Si](C)(C)O[Si](C)(C)O1	XMSXQFUHVRWGNA
CC1=CC(=CC=C1N=C=O)C1=CC(C)=C(C=C1)N=C=O	ICLCCFKUSALICQ
CCOP(Cl)(Cl)=S	SMODMOZAUKBGGM
O=C1N(CC2CO2)C(=O)N(CC2CO2)C(=O)N1CC1CO1	OUPZKGBUJRBPGC
ClC(Cl)C(Cl)(Cl)Cl	BNIXVQGCZULYKV
CCOP(=S)(OCC)OCC	QTPJMTACJMLPLL
FC(Cl)(Cl)Cl	CYRMSUTZVYGINF
CC1=NNC=C1	XKVUYEYANWFIJX
C[Sn](C)(Cl)Cl	PKKGKUDPKRTKLJ
C[SiH](C)Cl	YGHUUVGIRWMJGE
CC(=C)C=C	RRHGJUQNOFWUDK
CO[N+]([O-])=O	LRMHVVPPGGOAJQ
CCCCOCC1CO1	YSUQLAYJZDEMOT
NCCCNCCCN	OTBHHUPVCYLGQO
CCOC(=O)CCN(SN(C)C(=O)OC1=CC=CC2=C1OC(C)(C)C2)C(C)C	FYZBOYWSHKHDMT
CC(Cl)=C(Cl)CCl	GANXLRLPPXLNTI
CCCCOC(C)=O	DKPFZGUDAPQIHT
OP(O)(=O)CCCl	UDPGUMQDCGORJQ
CCCCOP(=O)(OCCCC)OCCCC	STCOOQWBFONSKY
CC(=C)C=O	STNJBCKSHOAVAJ
ClC=CCl	KFUSEUYYWQURPO
CCC1OC1(C)C	OZVWXRGXOYUQEJ
CCC(CC)CN	MGWAGIQQTULHGU
ClC1=C(Cl)C2(Cl)C3C4CC(C5OC45)C3C1(Cl)C2(Cl)Cl	DFBKLUNHFCTMDC
FCCl	XWCDCDSDNJVCLO
CCOC(=O)N(C)C(=O)CSP(=S)(OCC)OCC	KLGMSAOQDHLCOS
O[Sn](C1CCCCC1)(C1CCCCC1)C1CCCCC1	WCMMILVIRZAPLE
COCOC	NKDDWNXOKDWJAK
FC(=C(F)C(F)(F)F)C(F)(F)F	WSJULBMCKQTTIG
CCCCN(C1CC(C)(C)NC(C)(C)C1)C1=NC(=NC(NCCCN(CCN(CCCNC2=NC(=NC(=N2)N(CCCC)C2CC(C)(C)NC(C)(C)C2)N(CCCC)C2CC(C)(C)NC(C)(C)C2)C2=NC(=NC(=N2)N(CCCC)C2CC(C)(C)NC(C)(C)C2)N(CCCC)C2CC(C)(C)NC(C)(C)C2)C2=NC(=NC(=N2)N(CCCC)C2CC(C)(C)NC(C)(C)C2)N(CCCC)C2CC(C)(C)NC(C)(C)C2)=N1)N(CCCC)C1CC(C)(C)NC(C)(C)C1	HNKNVHRXMLUJGX
CNC1CC(N)C(O)C(OC2OC(CO)C(O)C3OC4(OC23)OC(C(N)CO)C(O)C(O)C4O)C1O	GRRNUXAQVGOGFE
CC(=O)CC(C)=O	YRKCREAYFQTBPV
CCS(=O)(=O)CCSP(=O)(OC)OC	PZIRJMYRYORVIT
FC(F)(Cl)C(=O)C(F)(F)Cl	QRKKTXWUDLJYCV
O=C=NC1=CC=C(C=C1)C(C1=CC=C(C=C1)N=C=O)C1=CC=C(C=C1)N=C=O	LTIKIBFTASQKMM
CC(=C)C(O)=O	CERQOIWHTDAKMF
CN(C1=C(Br)C=C(Br)C=C1Br)C1=C(C=C(C=C1[N+]([O-])=O)[N+]([O-])=O)C(F)(F)F	USMZPYXTVKAYST
CCC(C)C1=C(OC(C)=O)C(=CC(=C1)[N+]([O-])=O)[N+]([O-])=O	RDJTWDKSYLLHRW
FC1=CC=CC(F)=C1C(=O)NC(=O)NC1=CC(Cl)=C(OC2=NC=C(C=C2Cl)C(F)(F)F)C(Cl)=C1	UISUNVFOGSJSKD
CCC(C)(OO)OOC(C)(CC)OO	WFUGQJXVXHBTEM
FC(F)(I)C(Cl)(Cl)Cl	FPPBRDLEJWNYLG
CCN(C(C)C)C(C)C	JGFZNNIVVJXRND
CNC(=O)ON=CC(C)(C)S(C)(=O)=O	YRRKLBAKDXSTNC
CCC(=O)OC=C	UIWXSTHGICQLQT
CC(Cl)=CCCl	WLIADPFXSACYLS
O=C=NCCCCCN=C=O	DFPJRUKWEPYFJT
BrC1=CC(Br)=C(Br)C2=C(Br)C(Br)=C(Br)C=C12	NOXBHKAVWHWFDR
ClC(Cl)=O	YGYAWVDWMABLBF
CCN(CC)CCOC(=O)C(C)=C	SJIXRGNQPBQWMK
ClC1=C(Cl)C2(Cl)C3C=CCC3C1(Cl)C2(Cl)Cl	XCJXQCUJXDUNDN
CN=C(O)OC1=CC=CC(C)=C1	VOEYXMAFNDNNED
CC(=O)OCCOC(C)=O	JTXMVXSTHSMVQF
O=N(=O)OCC1CO1	ADZAAKGRMMGJKM
C=CN1CCCC1=O	WHNWPMSKXPGLAX
N1N=NC2=C1C=CC=C2	QRUDEWIWKLJBPS
ClC1=C(Cl)C(Cl)=C(Cl)S1	WZXXZHONLFRKGG
ClCC=C(Cl)CCl	SXCATGXBSQWDDJ
CC(C=O)C1CCCCC1	UQURIQWAEZGLAC
[O-][N+](=O)C1=C(Cl)C=CC=C1	BFCFYVKQTRLZHA
ClCC(Cl)=O	VGCXGMAHQTYDJK
CN1CCCC1C1=CN=CC=C1	SNICXCGAKADSCV
OCC=CCl	HJGHXDNIPAWLLE
Cl[Sn](C=C)(C=C)C=C	OEEKDHUOTUHEEY
CCOP(=S)(OCC)OC1=CC2=C(C=C1)C(C)=C(Cl)C(=O)O2	BXNANOICGRISHX
CC(=O)CCl	BULLHNJGPPOUOX
O=C1C=CC(=O)N1C1=CC=C(CC2=CC=C(C=C2)N2C(=O)C=CC2=O)C=C1	XQUPVDVFXZDTLT
OC(=O)CC1=CC=CC=C1	WLJVXDMOQOGPHL
ClC(Cl)=C1C(Cl)(Cl)C(Cl)=C(Cl)C1(Cl)Cl	HSNOZNMQZFGXDR
CC(C)N(C(=O)CO)C1=CC=C(F)C=C1	RISGISSUGUGJMO
CC[Hg]Cl	QWUGXIXRFGEYBD
CC(C)(O)CC1=CC=CC=C1	RIWRBSMFKVOJMN
N1C2=CC=CC=C2N=C1C1=CC=CO1	UYJUZNLFJAWNEZ
CC1=CC=C(C=C1)[N+]([O-])=O	ZPTVNYMJQHSSEA
CC(C)I	FMKOJHQHASLBPH
N#CCC1=CC=CC=C1	SUSQOBVLVYHIEX
C[Si](Cl)(Cl)C1CCCCC1	YUYHCACQLHNZLS
CCCCCCCCC(O)=O	FBUKVWPVBMHYJY
NC1=CC(O)=CC=C1	CWLKGDAVCFYWJK
CC(C)(C)OC(=O)C=C	ISXSCDLOGDJUNJ
CC(C)(C)N	YBRBMKDOPFTVDT
CCC12COCN1COC2	ZRCMGIXRGFOXNT
FC(Cl)(Cl)C1=CC=CC=C1	OMEURKZGLJYCGS
COC(=O)C=C	BAPJBEWLBFYGME
CN=C=O	HAMGRBXTJNITHG
NC1=C(Cl)C=CC=C1	AKCRQHGQIJBRMN
CCCCCC	VLKZOEOYAKHREP
CCCSP(=O)(OCC)OC1=C(Cl)C=C(Br)C=C1	QYMMJNLHFKGANY
COC(OC)N(C)C	ZSXGLVDWWRXATF
CC(=C)C(Cl)=O	VHRYZQNGTZXDNX
C=CN1CC1	VZNJDNKFUXILTJ
ClC(=C)C=C	YACLQRRMGMJLJV
CC=O	IKHGUXGNUITLKF
CC(C)C(O)(C1=CC=C(OC(F)(F)F)C=C1)C1=CN=CN=C1	VEVZCONIUDBCDC
CCI	HVTICUPFWKNHNG
CC(C)C1=CC(OC2=CC=CC=C2)=CC(C(C)C)=C1NC(=S)NC(C)(C)C	WOWBFOBYOAGEEA
CON=O	BLLFVUPNHCTMSV
CC(C)OP(=O)OC(C)C	BLKXLEPPVDUHBY
CN1CSC(=S)N(C)C1	QAYICIQNSGETAS
CC[Si](Cl)(Cl)Cl	ZOYFEXPFPVDYIS
FC(F)(Br)C(F)(F)Br	KVBKAPANDHPRDG
OCCOCCOC(=O)CCl	CAWRWIWCXWVNCB
NNC1=CC=CC=C1	HKOOXMFOFWEVGF
ClC1=CC=CC(=C1)N=C=O	HHIRBXHEYVDUAM
CN(C)C1CCCCC1	SVYKKECYCPFKGB
CCOP(=S)(NC(C)C)OC1=CC=CC=C1C(=O)OC(C)C	HOQADATXFBOEGG
ClCC(Cl)Cl	UBOXGVDOUJQMTN
ClC(Cl)Cl	HEDRZPFGACZZDS
CC1(C)CC(CC(C)(C)N1)OC(=O)CCCCCCCCC(=O)OC1CC(C)(C)NC(C)(C)C1	XITRBUPOXXBIJN
ClC(=O)OCC1=CC=CC=C1	HSDAJNMJOMSNEV
CN(C)CCCN	IUNMPGNGSSIWFP
CC(C)OCC1CO1	NWLUZGJDEZBBRH
CCCC=C	YWAKXRMUMFPDSH
NC1=CC=C(F)C=C1F	CEPCPXLLFXPZGW
C=CCOC(=O)OCCOCCOC(=O)OCC=C	JHQVCQDWGSXTFE
[N-]=[N+]=NP(=O)(C1=CC=CC=C1)C1=CC=CC=C1	MKRTXPORKIRPDG
CCS(=O)(=O)C1=CC=CN=C1S(=O)(=O)NC(=O)NC1=NC(OC)=CC(OC)=N1	MEFOUWRMVYJCQC
CC(OC1=CC=C(OC2=NC3=C(C=C(Cl)C=C3)N=C2)C=C1)C(=O)OCCON=C(C)C	FROBCXTULYFHEJ
CC	OTMSDBZUPAUEDD
CCCCCCCCCC=CCC1CC(=O)OC1=O	UYCICMIUKYEYEU
ClCC#C	LJZPPWWHKPGCHS
C=CC1=NC=CC=C1	KGIGUEBEKRSTEW
CC(C)Br	NAMYKGVDVNBCFQ
OC1CSC(O)CS1	YUIOPHXTILULQC
CCCCCC=CC	ILPBINAXDRFYPL
CCOC(=O)C1N(C)S(=O)(=O)C2=C(C=CC=C2)C1=O	YKPLMJCKAZRFQU
NCCCCC(CN)CCCN	HMJBXEZHJUYJQY
CC(C)CCOCC(=O)OCC=C	XCWPXUNHSPOFGV
CC(=O)OCCCC(=O)CBr	AVKQWZGKSJQEAN
ClC1=C(Cl)C2(Cl)C3CCC4C(CCC3C1(Cl)C2(Cl)Cl)C1(Cl)C(Cl)=C(Cl)C4(Cl)C1(Cl)Cl	UGQQAJOWXNCOPY
CCCC[Sn]1(CCCC)OC(=O)C=CC(=O)O1	ZBBLRPRYYSJUCZ
OC1=C(CC2=C(Cl)C(Cl)=CC(Cl)=C2O)C(Cl)=C(Cl)C=C1Cl	ACGUYXCXAPNIKK
CCOP(=S)(OCC)SCN1N=NC2=CC=CC=C2C1=O	RQVGAIADHNPSME
COC(=O)N(CCCl)N=O	ZIVWROYTZSSKDC
CCOP(=S)(CC)SC1=CC=CC=C1	KVGLBTYUCJYMND
ClC(Cl)(Cl)SN1C(=O)C2CC=CCC2C1=O	LDVVMCZRFWMZSG
FC(F)=C(F)C(F)=C(F)F	LGPPATCNSOSOQH
CCN(CC)CC	ZMANZCXQSJIPKH
CCOP(=S)(OCC)SCSP(=S)(OCC)OCC	RIZMRRKBZQXFOY
ClCC(Cl)C(Cl)CCl	IXZVKECRTHXEEW
CC(O)C(=O)N(C)C	YEBLAXBYYVCOLT
COP(=S)(OC)SCN1N=NC2=C(C=CC=C2)C1=O	CJJOSEISRRTUQB
CCOP(S)(=S)OCC	IRDLUHRVLVEUHA
CC1=CC=C(CC2=CC=C(C)C=C2)C=C1	HZAWPPRBCALFRN
C1CCC2CCCCC2C1	NNBZCPXTIHJBJL
CC1=CC(C)=C(C)C=C1	GWHJZXXIDMPWGX
CC(CCOC(=O)C=C)CCOC(=O)C=C	IQGIEMYBDGDBMR
CN(C)C(=O)NC1=CC(Cl)=C(C)C=C1	JXCGFZXSOMJFOA
CC1(C)CC(CC(C)(CN=C=O)C1)N=C=O	NIMLQBUJDJZYEJ
ClCCCC(Cl)=O	CDIIZULDSLKBKV
OC1=CC=C(Cl)C=C1	WXNZTHHGJRFXKQ
ClC1=CC(Cl)=C(C=C1)C(CN1C=CN=C1)OCC=C	PZBPKYOVPCNPJY
FC(F)(F)C=C(Cl)C(F)(F)F	JRENXZBKMHPULY
ClC(Cl)=C1C(=O)C(Cl)=C(Cl)C1=O	YABWQIXQVBAMGN
CC(=C)C1=CC=CC=C1	XYLMUPLGERFSHI
CCC(C)NC1=C(C=C(C=C1[N+]([O-])=O)C(C)(C)C)[N+]([O-])=O	SPNQRCTZKIBOAX
OCCS	DGVVWUTYPXICAM
COS(=O)(=O)OC	VAYGXNSJCAHWJZ
FC(F)(F)C(Cl)Cl	OHMHBGPWCHTMQE
CC(C)C	NNPPMTNAJDCUHE
O=C1CCCN1C1CCCCC1	PZYDAVFRVJXFHS
OC1=C(CC2=CC=CC=C2)C=C(Cl)C=C1	NCKMMSIFQUPKCK
CC(=C)C(=O)OCC(F)(F)F	QTKPMCIBUROOGY
FC1=CC=C(C=C1)N1C(=O)C(Cl)=C(Cl)C1=O	IPENDKRRWFURRE
CC(C)=CC1C(C(=O)OC2CC(=O)C(CC=C)=C2C)C1(C)C	ZCVAOQKBXKSDMS
CN(C)C1=CC=C(C)C=C1	GYVGXEWAOAAJEU
O=C=NC1=CC=CC=C1CC1=CC=CC=C1N=C=O	JIABEENURMZTTI
FC(F)=C(C(F)(F)F)C(F)(F)F	DAFIBNSJXIGBQB
OC(=O)CC#N	MLIREBYILWEBDM
CC(=O)C1=CC=CO1	IEMMBWWQXVXBEU
CC(C)C1(C)N=C(NC1=O)C1=NC2=C(C=CC=C2)C=C1C(O)=O	CABMTIJINOIHOD
CC=CC=C	PMJHHCWVYXUKFD
FCCOC(=O)CF	ZIJVALRYXQXDOL
CCCCCC[Si](C)(O[Si](C)(C)C)O[Si](C)(C)C	PNJMJEXVQAFSBS
O=C1C=CC(=O)N1C1=CC(=CC=C1)N1C(=O)C=CC1=O	IPJGAEWUPXWFPL
CNC(=O)C(C)SCCSP(=O)(OC)OC	LESVOLZBIFDZGS
CCC1=CN=C(C2=NC(C)(C(C)C)C(=O)N2)C(=C1)C(O)=O	XVOKUMIPKHGGTN
C=CCOC(=O)C1=CC(=CC=C1)C(=O)OCC=C	OOORLLSLMPBSPT
ClC1=C(Cl)C2(Cl)C3COS(=O)OCC3C1(Cl)C2(Cl)Cl	RDYMFSUJUZBWLH
CC(=O)C1=CC=C(C=C1)C#N	NLPHXWGWBKZSJC
CCC(C)NCCO	YTVUVYDVQNALCM
FC(F)(C#N)C(F)(F)C(F)(F)C(F)(F)C#N	PZIVXXORSILYOQ
OC(C=C)C#N	WKFMHXZXCCJSJK
ClC(=C)C(Cl)=C	LIFLRQVHKGGNSG
CCN(CC)C(=O)CC1=CC=CC=C1	UXDAWVUDZLBBAM
CC1(C)C(C=C(Cl)Cl)C1C(=O)OC(C#N)C1=CC=CC(OC2=CC=CC=C2)=C1	KAATUXNTWXVJKI
CCOP(=S)(OCC)OC1=NN(C(C)C)C(Cl)=N1	XRHGWAGWAHHFLF
C1CCCNCC1	ZSIQJIWKELUFRJ
CC(C)(N=C=O)C1=CC=C(C=C1)C(C)(C)N=C=O	AGJCSCSSMFRMFQ
CCCCCCCCN(C)C	UQKAOOAFEFCDGT
CO[Si](CCl)(OC)OC	FPOSCXQHGOVVPD
C[Si](Cl)(Cl)C=C	YLJJAVFOBDSYAN
C[N+](C)(C)[O-]	UYPYRKYUKCHHIB
FC(F)(F)C1(F)OC1(F)F	PGFXOWRDDHCDTE
ClC(Cl)C(=O)N(CC=C)CC=C	YRMLFORXOOIJDR
CC(C)(OC(=O)C1=CC(=CC=C1Cl)N=C=O)C(=O)OCC=C	PKFZJUHXBJIMRW
FCC(F)(F)F	LVGUZGTVOIAKKC
C=CCN(CC=C)CC=C	VPYJNCGUESNPMV
ClC1=CC(Cl)=NC(=N1)C1=CC=CC=C1	NRFQZTCQAYEXEE
COC(F)=C(C(F)(F)F)C(F)(F)F	FSDLLONBRLBIBL
CC(=O)OO	KFSLWBXXFJQRDL
CC(C)(N=C=O)C1=CC(=CC=C1)C(C)(C)N=C=O	AZYRZNIYJDKRHO
CC1OC(C)OC(C)OC(C)O1	GKKDCARASOJPNG
CCNC1=C(C)C=CC=C1	MWOUGPLLVVEUMM
ClC(=O)C1=CC=CC=C1	PASDCCFISLVPSO
CC(C)(C)OOC(=O)C(C)(C)C	OPQYOFWUFGEMRZ
OC(=O)C(F)(F)C(F)(F)F	LRMSQVBRUNSOJL
CC(C=C)C#N	WBAXCOMEMKANRN
CC(Cl)C(Cl)Cl	GRSQYISVQKPZCW
FC(F)(F)OC(F)(Cl)C(F)(F)Cl	PIHHZNWHYDIJIP
FC(F)=C(F)F	BFKJFAAPBSQJPD
CCCCCCBr	MNDIARAMWBIKFW
CC(C)C(C)C	ZFFMLCVRJBZUDZ
COC(=O)C(C)OC1=CC=C(OC2=CC=C(Cl)C=C2Cl)C=C1	BACHBFVBHLGWSL
NC1=CC=NC=C1	NUKYPUAOHBNCPY
ClCC=O	QSKPIOLLBIHNAC
CN(C)CCOC(=O)C(C)=C	JKNCOURZONDCGV
C=CC=C	KAKZBPTYRLMSJV
C=CC1=CCCCC1	SDRZFSPCVYEJTP
CCNCC	HPNMFZURTQLUMO
CCOP(=S)(OCC)SCC(=O)NC(C)C	QTXHFDHVLBDJIO
CCO[Si](CCCN=C=O)(OCC)OCC	FRGPKMWIYVTFIQ
CC1CCCO1	JWUJQDFVADABEY
C=COC(=O)C=C	BLCTWBJQROOONQ
CCCCC(Cl)=O	XGISHOFUAFNYQF
NC1=C(Cl)C=C(C=C1Cl)C(F)(F)F	ITNMAZSPBLRJLU
FCC(=O)OCCCl	CWHHGNAXXOPUIF
O=C1C=CC(=O)N1C1=CC=CC=C1	HIDBROSJWZYGSZ
CCOC(=O)CCCOC1=C(C)C=C(Cl)C=C1	XNKARWLGLZGMGX
C[Si](Cl)(Cl)Cl	JLUFWMXJHAVVNN
CCCCC(CC)CO	YIWUKEYIRIRTPP
ClC(=O)CCC1=CC=CC=C1	MFEILWXBDBCWKF
O=C(C(C1=CC=CC=C1)C1=CC=CC=C1)C1C(=O)C2=C(C=CC=C2)C1=O	JYGLAHSAISAEAL
NC1=C(N)C=CC=C1	GEYOCULIXLDCMW
FC(F)(C#N)C(F)(F)C(F)(F)C#N	YDLOFKOZJGMQBZ
CC1CCCC(C)C1N	KSGAAWJLYHYMLT
CC1=C(O)C(C)=C(C)C(O)=C1	AUFZRCJENRSRLY
CN1CCCC1	AVFZOVWCLRSYKC
CC1(C)CC(=O)CC(C)(C1)C#N	JJDFVIDVSCYKDS
ClC1=CC=C(C=C1)C(Cl)(Cl)Cl	LVZPKYYPPLUECL
ClC1=C(C=CC=C1)N=C=O	NOHQUGRVHSJYMR
CC(Cl)CCl	KNKRKFALVUDBJE
CCCCC	OFBQJSOFQDEBGM
CC(C)COC(=O)C=C	CFVWNXQPGQOHRJ
CCOP(Cl)(Cl)=O	YZBOZNXACBQJHI
CCOC(=O)C=C	JIGUQPWFLRLWPJ
CC1=C(Cl)C=C(C=C1Cl)C1=NN=C(O)C=C1	UWQMKVBQKFHLCE
O=C=S	JJWKPURADFRFRB
CO[Si](OC)(OC)OC	LFQCEHFDDXELDD
CS(F)(=O)=O	KNWQLFOXPQZGPX
O=C=NC1=CC=CC=C1	DGTNSSLYPYDJGL
ClCC1=CC=CC=C1Cl	BASMANVIUSSIIM
CCOP(=S)(OCC)OC1=NN(C(=O)C=C1)C1=CC=CC=C1	CXJSOEPQXUCJSA
CCCC[Sn](Cl)(Cl)CCCC	RJGHQTVXGKYATR
CC(C)COC(C)(C)C	UPOMCDPCTBJJDA
CCCCNC(=O)OCC#C	JTDBXHIIVZZXDH
CNC(=O)ON=C(CSC)C(C)(C)C	FZSVSABTBYGOQH
FCCCC(=O)OCCF	QNCFYCXLBKFOLB
CCN(C)C	DAZXVJBJRMWXJP
CCCC1COC(CN2C=NC=N2)(O1)C1=C(Cl)C=C(Cl)C=C1	STJLVHWMYQXCPB
CC(C)(C)OO	CIHOLLKRGTVIJN
CC(C)(C)N=C=O	MGOLNIXAPIAKFM
CCN(CC(C)=C)C1=C(C=C(C=C1[N+]([O-])=O)C(F)(F)F)[N+]([O-])=O	PTFJIKYUEPWBMS
O=C1CCO1	VEZXCJBBBCKRPI
CC(C)C(=O)OOC(C)(C)C	PFBLRDXPNUJYJM
CCCN(CCCl)C1=C(C=C(C=C1[N+]([O-])=O)C(F)(F)F)[N+]([O-])=O	MNFMIVVPXOGUMX
FCOC(=C(F)F)C(F)(F)F	VMCHRPIQINOPJR
ClCOCCl	HRQGCQVOJVTVLU
C1OC1C1CO1	ZFIVKAOQEXOYFY
ClC(=O)C1=CC=C(C=C1)C(Cl)=O	LXEJRKJRKIFVNY
CC(=C)CCl	OHXAOPZTJOUYKM
C1C2C3C2C2C1C32	DGZUEIPKRRSMGK
CC(C)C(C)=O	SYBYTAAJFKOIEJ
OCC1CO1	CTKINSOISVBQLD
ClCC1=CC=C(CCl)C2=CC=CC=C12	PMIHHEJEQAQZET
CC(C)(C)C1=C(O)C=CC=C1	WJQOZHYUIDYNHM
ClCC=CC1=CC=CC=C1	IWTYTFSSTWXZFU
CC(C)=O	CSCPPACGZOOCGX
CCCCOCCOCCOC(C)=O	VXQBJTKSVGFQOL
C1CC2CC1C1CC=CC21	HANKSFAYJLDDKP
ClC(Cl)=C(Cl)C(Cl)=O	BCOSEZGCLGPUSL
CC1=CC(C)=CC=C1	IVSZLXZYQVIEFR
COP(S)(=S)OC	CZGGKXNYNPJFAX
CCOP(=O)(SC1=CC=CC=C1)SC1=CC=CC=C1	AWZOLILCOUMRDG
C1=CC2=C3C(C=CC4=CC=CC(C=C2)=C34)=C1	BBEAQIROQSPTKN
OC(=O)CCS	DKIDEFUBRARXTE
CC(CC(Cl)=O)CC(C)(C)C	GEKPNPPFAYJZRD
CCCCCCCCC=C	AFFLGGQVNFXPEV
CC(C)(C)C(=O)C(OC1=CC=C(Cl)C=C1)N1C=NC=N1	WURBVZBTWMNKQT
C1NNCN2CNNCN12	RRIGVQQUVAETIG
CCCC1CO1	SYURNNNQIFDVCA
FC(F)(Cl)C(F)(F)Cl	DDMOUSALMHHKOS
S1C=CC=C1	YTPLMLYBLZKORZ
CCCOC(C)=O	YKYONYBAUNKHLG
C[N+]([O-])=O	LYGJENNIWJXYER
CNC(=O)ON=C(C)C(C)SC	SFNPDDSJBGRXLW
CC(C)=CC=O	SEPQTYODOKLVSB
NCC1=CC(CN)=CC=C1	FDLQZKYLHJJBHD
CC(=O)OC\C=C(/C)C=O	LPDDKAJRWGPGSI
CCOP(=S)(OCC)OC1=CC=C(C=C1)[N+]([O-])=O	LCCNCVORNKJIRZ
OCC(Br)CBr	QWVCIORZLNBIIC
ClC(Cl)C1=CC=CC=C1	CAHQGWAXKLQREW
ClC1=C(Cl)C(=O)C(Cl)=C(Cl)C1=O	UGNWTBMOAKPKBL
CCOCCO	ZNQVEEAIQZEUHB
CC(C)ON=O	SKRDXYBATCVEMS
CCCBr	CYNYIHKIEHGYOZ
FC(F)(Cl)C(=O)C(F)(Cl)Cl	QCVAFEQJWDOJLG
O=C=NC1=CC=C(OP(=S)(OC2=CC=C(C=C2)N=C=O)OC2=CC=C(C=C2)N=C=O)C=C1	KGLSETWPYVUTQX
BrCCBr	PAAZPARNPHGIKF
CN1N=C(C)C(C=NOCC2=CC=C(C=C2)C(=O)OC(C)(C)C)=C1OC1=CC=CC=C1	YYJNOYZRYGDPNH
CON(C)C(=O)NC1=CC=C(OCCC2=CC=C(C)C=C2)C=C1	XZNOYUSOBQSRNI
CN(C)S(=O)(=O)N(SC(F)(Cl)Cl)C1=CC=C(C)C=C1	HYVWIQDYBVKITD
CC1=CC=C(Cl)C=C1	NPDACUSDTOMAMK
CC(CN)CCCN	JZUHIOJYCPIVLQ
FC(F)(F)C1=CC=C(Cl)C=C1	QULYNCCPRWKEMF
C=CCCC(=O)OC1=CC=CC=C1	IDAIRHGYBSBTJO
[O-][N+](=O)C1=CC(=CC=C1)C(F)(F)F	WHNAMGUAXHGCHH
FC(F)=C(F)C1=CC=CC=C1	SUTQSIHGGHVXFK
CCC1=CC=CC(C)=C1N=C	UUMWWWHCQIKRJM
CCOC(=O)C(F)(F)C(F)(F)C(F)(F)C(=O)OCC	MSDPXVBLFJODJO
FC(F)(F)C(Cl)=C(Cl)C(F)(F)F	XDIDQEGAKCWQQP
OCC(F)(F)C(F)(F)F	PSQZJKGXDGNDFP
CCCCCCCC[Sn](Cl)(CCCCCCCC)CCCCCCCC	MCNGJXAXOJDJKO
C[Si](C)(Cl)Cl	LIKFHECYJZWXFJ
COC1=CC=CC(O)=C1	ASHGTJPOSUFTGB
ClCC1CS1	XRWMHJJHPQTTLQ
C=CCOC(=O)C1=C(C=CC=C1)C(=O)OCC=C	QUDWYFHPNIMBFC
FC(F)(F)OC1=CC=C(C=C1)N=C=O	LGPKFIGMLPDYEA
ClC(Cl)(Cl)Cl	VZGDMQKNWNREIO
CCCS	SUVIGLJNEAMWEG
CCN	QUSNBJAOOMFDIB
NCCCOCCCCOCCCN	YOOSAIJKYCBPFW
CCOC(=O)C(SP(=S)(OC)OC)C1=CC=CC=C1	XAMUDJHXFNRLCY
CO[SiH](OC)OC	YUYCVXFAYWRXLS
ClCC(=O)C(Cl)Cl	ZWILTCXCTVMANU
CC1OCCO1	HTWIZMNMTWYQRN
FC(F)C(F)(F)Cl	JQZFYIGAYWLRCC
CC(C)=CCl	KWISWUFGPUHDRY
ClCC=CCCl	FQDIANVAWVHZIR
NC1=NC(N)=NC(N)=N1	JDSHMPZPIAZGSV
CC1CC(CC2CCC(N)C(C)C2)CCC1N	IGSBHTZEJMPDSZ
CC(C)CCOCCC(C)C	AQZGPSLYZOOYQP
ClCCOCOCCCl	NLXGURFLBLRZRO
CCCCCCOC(Cl)=O	KIWBRXCOTCXSSZ
CCC[Si](Cl)(Cl)Cl	DOEHJNBEOVLHGL
NC(=N)NCCCCCCCCNCCCCCCCCNC(N)=N	RONFGUROBZGJKP
CN(C)CCCN1C2=C(SC3=C1C=C(Cl)C=C3)C=CC=C2	ZPEIMTDSQAKGNT
CC(C)(C)C1=C(NC2=C(Br)C=C(Br)C=C2Br)C(=CC(=C1)[N+]([O-])=O)[N+]([O-])=O	VSIHZAWEBKZKHG
FC1=NC(F)=NC(F)=N1	VMKJWLXVLHBJNK
OC1=CC=CC=C1	ISWSIDIOOBJBQZ
FC1=C(F)C(F)=C(C(F)=C1F)C(F)(F)F	USPWUOFNOTUBAD
CC(=O)OC(C)=O	WFDIJRYMOXRFFG
C#N	LELOWRISYMNNSU
S=C=S	QGJOPFRUJISHPQ
CC(=C)C(=O)OCCCl	GPOGMJLHWQHEGF
C=CSC=C	UIYCHXAGWOYNNA
O=CC1CO1	IWYRWIUNAVNFPE
CC1(C)COCN1	GUQMDNQYMMRJPY
COC(C)C=CC	BHZPHJWPPWDASK
OCC(O)CCl	SSZWWUDQMAHNAQ
CCCC(Cl)=O	DVECBJCOGJRVPX
C(OC1=CC=CO1)C1CO1	RNMHNKUEFKIYQW
ClCC1=C(CCl)C2=CC=CC=C2C=C1	ILOBCCAMDOHZGW
C1CCCC1	RGSFGYAAUTVSQA
COCCO	XNWFRZJHXBZDAG
O=C=NC1=CC=C(CC2=CC=C(C=C2)N=C=O)C=C1	UPMLOUAZCHDJJD
CC(C)C1=C(C)CCCC1	JXMFWIFYAPYINL
ClC1=CC=CC(C2=CNC=C2C#N)=C1Cl	FKLFBQCQQYDUAM
CC(C)C(C)(N)C#N	CAOHBROWLMCZRP
CNN	HDZGCSFEDULWCS
CNC1=NC(SC)=NC(NC(C)C)=N1	HCRWJJJUKUVORR
CC(C)CCP(=O)(CCC(C)C)CCC(C)C	WRLIIBLDYPFTLG
CC1=CC=CC(=C1)N=C=O	CPPGZWWUPFWALU
CC(C)N=C=NC(C)C	BDNKZNFMNDZQMI
ClC1=CC=CC=C1	MVPPADPHJFYWMZ
CC1=CC2=NC3=C(SC(=O)S3)N=C2C=C1	FBQQHUGEACOBDN
FC(F)(F)C(F)(F)N(C(F)(F)C(F)(F)F)C(F)(F)C(F)(F)F	CBEFDCMSEZEGCX
IC(I)I	OKJPEAGHQZHRQV
CCC(C)C=O	BYGQBDHUGHBGMD
CCCC1=CC=CC=C1	ODLMAHJVESYWTB
ClC(Cl)=C(Cl)C=C	ZFBGKBGUMMBBMY
FC(F)(F)C(=O)C(F)(C(F)(F)F)C(F)(F)F	ABQIAHFCJGVSDJ
C=CC1=CC=C(C=C)C=C1	WEERVPDNCOGWJF
CCCN(CCC)C1=C(C(N)=C(C=C1[N+]([O-])=O)C(F)(F)F)[N+]([O-])=O	RSVPPPHXAASNOL
NC1=CC=C(Cl)C=C1	QSNSCYSYFYORTR
FC(F)(F)C=CCl	LDTMPQQAWUMPKS
CC1=C(C)C=CC=C1	CTQNGGLPUBDAKN
OC1=C(I)C=C(C=C1I)C#N	NRXQIUSYPAHGNM
ClC1=C(Cl)C(Cl)=C2NC(=O)OC2=C1	OOXHZCGBJSGVTN
C[Si](C)(N[Si](C)(C)C=C)C=C	WYUIWUCVZCRTRH
CCNC1=NC(NCC)=NC(Cl)=N1	ODCWYMIRDDJXKW
CCCI	PVWOIHVRPOBWPI
CC(C)(C)OC(=O)OC(=O)OC(C)(C)C	DYHSDKLCOJIUFX
CC1=C(OCC(O)=O)C=CC(Cl)=C1	WHKUVVPPKQRRBV
C=O	WSFSSNUMVMOOMR
COC(=O)OC(=O)OC	GZDFHIJNHHMENY
CCOP(=O)(OCC)OC(=CCl)C1=C(Cl)C=C(Cl)C=C1	FSAVDKDHPDSCTO
CC(=O)C=C	FUSUHKVFWTUUBE
CC1(C)C2CCC1(C)C(=O)C2	DSSYKIVIOFKYAU
CC(C)CCCC(C)=CCCC=O	GUPPEAFTCCFGGC
CC=CCC#N	UVKXJAUUKPDDNW
C[Si]1(C)O[Si](C)(C)O[Si](C)(C)O[Si](C)(C)O1	HMMGMWAXVFQUOA
CC(=C)C(=O)OCC=C	FBCQUCJYYPMKRO
CCC#N	FVSKHRXBFJPNKK
CNC(=O)OC1=CC=CC(=C1)N=CN(C)C	RMFNNCGOSPBBAD
CC1=C(C(Cl)=NN1)[N+]([O-])=O	ZCHRCALASPNJEQ
OCCN1CN(CCO)CN(CCO)C1	HUHGPYXAVBJSJV
CCOP(=O)(SC(C)CC)N1CCSC1=O	DUFVKSUJRWYZQP
CC(C)NC(C)C	UAOMVDZJSHZZME
CN=C=S	LGDSHSYDSCRFAB
[O-][N+](=O)C1=CC(Cl)=C(NS(=O)(=O)C2=CC(=C(Cl)C=C2)C(F)(F)F)C=C1	GNVDAZSPJWCIQZ
ClCCl	YMWUJEATGCHHMB
CC1=CC(C)=CC(C)=C1	AUHZEENZYGFFBQ
FC(F)(F)COS(=O)(=O)C(F)(F)F	RTMMSCJWQYWMNK
C=CC1=CC=NC=C1	KFDVPJUYSDEJTH
CC1(C)CC2(CC(C)(C)N1)OC1(CCCCCCCCCCC1)NC2=O	IVVLFHBYPHTMJU
ClC(=C)CN=C=S	DGBFPSVUFUDQNA
CCOP(=S)(OCC)SC1OCCOC1SP(=S)(OCC)OCC	VBKKVDGJXVOLNE
ClCCSCCSCCCl	AMGNHZVUZWILSB
O=C=NC1CCCCC1	KQWGXHWJMSMDJJ
FC(F)(F)C(F)(F)C(F)(F)C(F)(F)OC(F)(F)C(F)(F)C(F)(F)C(F)(F)F	LOJJTTDNNWYSGX
CC(C)(C)C1CCC(CC1)OC(Cl)=O	YXFSGPPQRCUVRL
[O-][N+](=O)C1=CC=C(F)C=C1	WFQDTOYDVUWQMS
CCCCCNC(=O)NC	GMALRFFLCMWBEZ
CCOP(=S)(OCC)OC1=CN=C2C=CC=CC2=N1	JYQUHIFYBATCCY
FC(F)(Br)CBr	DPOZWTRVXPUOQW
CCOC(=O)CC(SP(=S)(OC)OC)C(=O)OCC	JXSJBGJIGXNWCI
OC1=C(Cl)C(Cl)=C(Cl)C(Cl)=C1Cl	IZUPBVBPLAPZRR
ClC(Cl)(Cl)C=O	HFFLGKNGCAIQMO
ClC=C(Cl)Cl	XSTXAVWGXDQKEL
ClCC=C	OSDWBNJEKMUWAV
CN1C=NC2=C1C(=O)N(C)C(=O)N2C	RYYVLZVUVIJVGH
C=CCOC=O	ZHHZHHSFKCANOC
CCCCN=C=O	HNHVTXYLRVGMHD
C1CO1	IAYPIBMASNFSPL
OCC#CCO	DLDJFQGPPSQZKI
CC[Hg]CC	SPIUPAOJDZNUJH
ClC=C	BZHJMEDXRYGGRV
CN(C1=CC=C(F)C=C1F)C1=C(C=C(C=C1[N+]([O-])=O)[N+]([O-])=O)C(F)(F)F	BGEWCEXJSPCYTQ
CC(C)(C)CC(C)(C)S	QZLAEIZEPJAELS
COP(=O)(OC)C(O)C(Cl)(Cl)Cl	NFACJZMKEDPNKN
COP(=S)(OC)OC1=CC(C)=C(SC)C=C1	PNVJTZOFSHSLTO
CCSC(=O)N(CC)C1CCCCC1	DFCAFRGABIXSDS
O=CC1=CC(OC2=CC=CC=C2)=CC=C1	MRLGCTNJRREZHZ
CCCCN	HQABUPZFAYXKJW
CCCNCCC	WEHWNAOGRSTTBQ
CCC1=NN(C)C(C(=O)NCC2=CC=C(C=C2)C(C)(C)C)=C1Cl	ZZYSLNWGKKDOML
SC1CCCCC1	CMKBCTPCXZNQKX
CC=CC=O	MLUCVPSAIODCQM
OCCF	GGDYAKVUZMZKRV
CC1=CC=C(C=C1N1C(=O)C=CC1=O)N1C(=O)C=CC1=O	FJKKJQRXSPFNPM
ClCCCl	WSLDOOZREJYCGB
CCCCCCCC\C=C/CCCCCCCC(=O)O[Sn](C)(C)OC(=O)CCCCCCC\C=C/CCCCCCCC	PGQPMLCDSAVZNJ
CC(C)=CC1C(C(=O)OCC2=COC(CC3=CC=CC=C3)=C2)C1(C)C	VEMKTZHHVJILDY
CC(C)=CC(C)=O	SHOJXDKTYKFBRD
CSC(C)(C)C=NO	ZFGMCJAXIZTVJA
COC1=NN(CSP(=S)(OC)OC)C(=O)S1	MEBQXILRKZHVCX
CCOP(=O)(OCC)OC=CCl	DKMDOBOUUAGJNY
FC(F)=C(F)OC(F)(F)F	BLTXWCKMNMYXEA
CCCl	HRYZWHHZPQKTII
BrCC(Br)(Br)Br	RVHSTXJKKZWWDQ
NCCCCN	KIDHWZJUCRJVML
CCC(C)C1=CC(=CC(=C1OC(=O)OC(C)C)[N+]([O-])=O)[N+]([O-])=O	HDWLUGYOLUHEMN
ClC(Cl)=C(Cl)Cl	CYTYCFOTNPOANT
OC=O	BDAGIHXWWSANSR
CC(C)CO	ZXEKIIBDNHEJCQ
CC(=O)CC(C1C(=O)Oc2ccccc2C1=O)c1ccccc1	FQEPJUOLUDFINX
CN(C)CCN(C)C	KWYHDKDOAIKMQN
CN1C=CN=C1C	GIWQSPITLQVMSG
[O-][N+](=O)C1=CC=C(Cl)C(Cl)=C1	NTBYINQTYWZXLH
CCCC[Sn](Br)(CCCC)CCCC	FVRKTAOFDKFAMI
FC1=CC=CC=C1	PYLWMHQQBFSUBP
CC(Br)(CCl)CBr	DPDUMUDRFCRZGY
CC1CC(=O)CC(C)(C)C1	POSWICCRDBKBMH
CCO[Si](CCCNCCN)(OCC)OCC	INJVFBCDVXYHGQ
CC1=C(C=CC=C1[N+]([O-])=O)[N+]([O-])=O	XTRDKALNCIHHNI
IC1=CC=CC=C1	SNHMUERNLJLMHN
CC(C)C(=O)OC(=O)C(C)C	LSACYLWPPQLVSM
CCCCC(CC)C(=O)OOC(C)(C)CC	IFXDUNDBQDXPQZ
CC(C)(C)N1N=CC(SCC2=CC=C(C=C2)C(C)(C)C)=C(Cl)C1=O	DWFZBUWUXWZWKD
ClCC(Cl)(Cl)Cl	QVLAWKAXOMEXPM
CCCCOC(=O)C=C	CQEYYJKEWSMYFG
CCO	LFQSCWFLJHTTHZ
ClC1=CC=C(CNC2CCCC2)C=C1	XIXHUNCZQIRQOG
COC(C)(C)CC(C)(N=NC(C)(CC(C)(C)OC)C#N)C#N	PFHOSZAOXCYAGJ
FC1=CC(F)=C(C=C1)C(=O)CCl	UENGBOCGGKLVJJ
CN(C)CCN(C)CCN(C)C	UKODFQOELJFMII
N#CCCCCC#N	BTGRAWJCKBQKAO
FC1=CC=C(Br)C=C1	AITNMTXHTIIIBB
CC(C)(C)C(O)C(CC1=CC=C(Cl)C=C1)N1C=NC=N1	RMOGWMIKYWRTKW
CCCCC=O	HGBOYTHUEUWSSQ
CCC(C)(C#N)C(C)(CC)C#N	YPKRPUBUHLHYRJ
CC(Br)CBr	XFNJYAKDBJUJAJ
CN(C)C(=S)SC(=S)N(C)C	REQPQFUJGGOFQL
COC(=O)C(Cl)=C	AWJZTPWDQYFQPQ
COC(OC)OC	PYOKUURKVVELLB
CCCCCCCCCCCCCCCCC=C	CCCMONHAUSKTEQ
CC1(C)CC(N)CC(C)(CN)C1	RNLHGQLZWXBQNY
CCCCOCCO	POAOYUHQDCAZBD
CCCCS	WQAQPCDUOCURKW
C1CCC2OC2C1	ZWAJLVLEBYIOTI
ClC(Cl)(Cl)C1=CC=CC=C1	XEMRAKSQROQPBR
CCOCCOC(C)=O	SVONRAPFKPVNKG
CCCCC(CC)COC(Cl)=O	RTGLJCSUKOLTEM
CNC(=O)OC1=CC=CC2=C1OC(C)(C)C2	DUEPRVBVGDRKAG
NC1=C(O)C=CC(=C1)[N+]([O-])=O	VLZVIIYRNMWPSN
C1COCO1	WNXJIVFYUVYPPR
CCOP(OCC)OCC	BDZBKCUKTQZUTL
COP(=S)(OC)OC	XWSLYQXUTWUIKM
CCCCCCCC[Si](Cl)(Cl)Cl	RCHUVCPBWWSUMC
C=CCNCC=C	DYUWTXWIYMHBQS
CN(C)CC1=CC=CC=C1	XXBDWLFCJWSEKW
CC(C)(C)C(=O)C(Cl)Cl	UDWZXMQIEHAAQT
CC(OC1=C(Cl)C=C(Cl)C=C1)C(O)=O	MZHCENGPTKEIGP
SC1=CC=CC=C1	RMVRSNDYEFQCLF
CCN1CN1CC	PWDZFUBSTVFGCD
CC(C)C1=C(C)CC=CC1	RXFJXUYDBQZLSW
CCOP(=S)(OC)OC1=CC=C(C=C1)N(=O)=O	NABCJYMXPFVERX
ClCC(Cl)C=C	XVEASTGLHPVZNA
CC(C)OP(=O)(OC(C)C)SCC1=CC=CC=C1	FCOAHACKGGIURQ
C1C=CC2C3CC(C=C3)C12	HECLRDQVFMWTQS
CC1(C)C(C=C(Cl)Cl)C1C(=O)OCC1=C(F)C(F)=C(F)C(F)=C1F	YATDSXRLIUJOQN
CC(O)=O	QTBSBXVTEAMEQO
CCCCCCCC[Sn](Cl)(Cl)CCCCCCCC	SBOSGIJGEHWBKV
FC(F)(F)C(F)(F)C(F)(F)C(F)(F)S(F)(=O)=O	LUYQYZLEHLTPBH
CC1=C(O)C=CC(Cl)=C1	RHPUJHQBPORFGV
CN(C)CCOC(=O)C=C	DPBJAVGHACCNRL
CNC(C)C	XHFGWHUWQXTGAT
FC(F)(F)C1=NC(=NC(=N1)C(F)(F)F)C(F)(F)F	LSGBKABSSSIRJF
COC(F)(F)C(Cl)Cl	RFKMCNOHBTXSMU
ClC1=NC(Cl)=NC(Cl)=N1	MGNCLNQXLYJVJD
CNC(=O)OC1=C(C=CC=C1)C1OCCO1	SDKQRNRRDYRQKY
CC=C1CC2CC1C=C2	OJOWICOBYCXEKR
CC[Sn](CC)(CC)CC	RWWNQEOPUOCKGR
ClC1=CC=C(CN2CCSC2=NC#N)C=N1	HOKKPVIRMVDYPB
O=C1CCCCC1	JHIVVAPYMSGYDF
CC1=CC(=CC=C1)[N+]([O-])=O	QZYHIOPPLUPUJF
OC(=O)C1=C(C=CC=C1)P(C1=CC=CC=C1)C1=CC=CC=C1	UYRPRYSDOVYCOU
NC1CCCCC1	PAFZNILMFXTMIY
CCO[Si](C)(C)OCC	YYLGKUPAFFKGRQ
ClCC#CCOC(=O)NC1=CC=CC(Cl)=C1	MCOQHIWZJUDQIC
CCCCCCCC(Cl)=O	REEZZSHJLXOIHL
COCC(C)O	ARXJGSRGQADJSQ
CCCSP(=O)(OCC)OC1=CN(N=C1)C1=CC=C(Cl)C=C1	QHGVXILFMXYDRS
FC(F)(F)C1(C(F)(F)F)C(F)(F)C(F)(F)C1(F)F	TXGPGHBYAPBDAG
CCBr	RDHPKYGYEGBMSE
CC1=CC=CC=C1	YXFVVABEGXRONW
CCCCNC(=O)OCC#CI	WYVVKGNFXHOCQV
CN1CCO[Si](C)(C)C1	GGPLWEZGITVTJX
ClN1C(=O)N(Cl)C(=O)N(Cl)C1=O	YRIZYWQGELRKNT
CN(C)N=O	UMFJAHHVKNCGLG
NC1CCCC1	NISGSNTVMOOSJQ
CO[Si](CCCNC1CCCCC1)(OC)OC	KGNDVXPHQJMHLX
O=C=NC1CCC(CC2CCC(CC2)N=C=O)CC1	KORSJDCBLAPZEQ
O=CC1=CC=CC=C1	HUMNYLRZRPPJDN
CO[Si](CC[Si](OC)(OC)OC)(OC)OC	JCGDCINCKDQXDX
C[Si](Cl)(Cl)CCCC#N	UIFBMBZYGZSWQE
ClCC1=CC=CC=C1	KCXMKQUNVWSEMD
CCCCON=O	JQJPBYFTQAANLE
CCCCCCC(Cl)=O	UCVODTZQZHMTPN
O=CC1=CC=CC=N1	CSDSSGBPEUDDEE
O=C(C1=CC2=C(C=C1)C(=O)OC2=O)C1=CC2=C(C=C1)C(=O)OC2=O	VQVIHDPBMFABCQ
ClC(=O)C(Cl)(Cl)Cl	PVFOMCVHYWHZJE
FCOC(C(F)(F)F)C(F)(F)F	DFEYYRMXOJXZRJ
CCCCC(CC)CN1C(=O)C2C3CC(C=C3)C2C1=O	WLLGXSLBOPFWQV
CCCCC(CC)COC(=O)CS[Sn](C)(SCC(=O)OCC(CC)CCCC)SCC(=O)OCC(CC)CCCC	ACRNSUGLVQJCOM
CC=CC(C)(O)CCC=C(C)C	QRNQFKQHNYFBCC
CCCON=O	KAOQVXHBVNKNHA
COC1=CC(OC)=NC(NC(=O)NS(=O)(=O)C2=C(C=NN2C)C(O)=O)=N1	VXMNDQDDWDDKOQ
CN(C)C(C)=O	FXHOOIRPVKKKFG
C1CS1	VOVUARRWDCVURC
C1=CC=NC=C1	JUJWROOIHBZHMG
CC1=C(C)C(C(=O)NC2=CC=CC=C2)=C(C)O1	ZWJNEYVWPYIKMB
FC(F)(F)C1=CC=CC(=C1)N1CC(CCl)C(Cl)C1=O	OQZCSNDVOWYALR
CO	OKKJLVBELUTLKV
CCC[Si](OC)(OC)OC	HQYALQRYBUJWDH
ClC1=C(Cl)C(Cl)(Cl)C(Cl)=C1Cl	VUNCWTMEJYMOOR
CC(F)(Cl)Cl	FRCHKSNAZZFGCA
CCNC1=NC(NC(C)C)=NC(Cl)=N1	MXWJVTOOROXGIU
CN(C)CCOCCN(C)C	GTEXIOINCJRBIO
COP(=S)(OC)SCN1C(=O)C2=C(C=CC=C2)C1=O	LMNZTLDVJIUSHT
C1CCC(CC1)[Sn](C1CCCCC1)(C1CCCCC1)N1C=NC=N1	ONHBDDJJTDTLIR
C(OC1=CC=CC=C1)C1CO1	FQYUMYWMJTYZTK
CCOC(Cl)=O	RIFGWPKJUGCATF
C[N+]1=CC2=C(C=CC3=C2OCO3)C2=C1C1=C(C=C2)C=C2OCOC2=C1	INVGWHRKADIJHF
ClCC(Br)CBr	WBEJYOJJBDISQU
CC(Cl)(Cl)C(Cl)=C	JGSZFBMMNJLGNP
NC(CO)C(O)=NC1C=CC(OC1C(O)(CC(O)CNC(N)=N)C(O)=O)N1C=C(CO)C(=N)N=C1O	QKJJCZYFXJCKRX
COCCOC(=O)C=C	HFCUBKYHMMPGBY
CCCCC(CC)C(=O)OCC	YXAGIRHBJJLWHW
CC(Cl)Cl	SCYULBFZEHDVBN
CCN(CC)C1=CC=CC(C)=C1	CIPVVROJHKLHJI
CCOC1=NC(F)=CC(F)=N1	SGVUAJWRAOSPNC
C[Si](C)(C)O	AAPLIUHOKVUFCC
CC1=CC=C(C)C=C1	URLKBWYHVLBVBO
CCCCO	LRHPLDYGYMQRHN
FP(=O)(OC1CCCCC1)OC1CCCCC1	NLPYJEIDHPZCCR
CCCCC(CC)CNCC(CC)CCCC	SAIKULLUBZKPDA
FC(F)=C(Cl)Cl	QDGONURINHVBEW
CCN(CC)C(=O)CCl	CQQUWTMMFMJEFE
CC(CCN(C)C)N(C)C	AXFVIWBTKYFOCY
NC1=CC(F)=C(F)C=C1	AXNUZKSSQHTNPZ
CN(C)S(=O)(=O)N(SC(F)(Cl)Cl)C1=CC=CC=C1	WURGXGVFSMYFCG
FC(Cl)Cl	UMNKXPULIDJLSU
CON(C)C(=O)NC1=CC=C(Cl)C(Cl)=C1	XKJMBINCVNINCA
CN(C)C	GETQZCLCWQTVFV
FC(F)(F)SSC(F)(F)F	CGMFFOXAQVRUAZ
S1C=NC2=CC=CC=C12	IOJUPLGTWVMSFF
CC(C)C(C(=O)OC(C#N)C1=CC=CC(OC2=CC=CC=C2)=C1)C1=CC=C(OC(F)F)C=C1	GBIHOLCMZGAKNG
CC(CN1CC(C)OC(C)C1)CC1=CC=C(C=C1)C(C)(C)C	RYAUSSKQMZRMAI
CC(C)OC(C)C	ZAFNJMIOTHYJRJ
C=CCOCC1CO1	LSWYGACWGAICNM
CCC(C)(C)C	HNRMPXKDFBEGFZ
COC(F)(F)C(C(F)(F)F)C(F)(F)F	AQHKYFLVHBIQMS
PC1=CC=CC=C1	RPGWZZNNEUHDAQ
FC(F)(F)C(F)(C#N)C(F)(F)F	AASDJASZOZGYMM
C(OCC1CO1)C1CO1	GYZLOYUZLJXAJU
O=S1(=O)CS(=O)(=O)OCO1	GWAOOGWHPITOEY
CC(C)C(NC1=C(Cl)C=C(C=C1)C(F)(F)F)C(=O)OC(C#N)C1=CC=CC(OC2=CC=CC=C2)=C1	INISTDXBRIBGOC
ClCC(Cl)=C(Cl)Cl	UMGQVBVEWTXECF
CCCCCCCC	TVMXDCGIABBOFY
CC1=CC=CN=C1	ITQTTZVARXURQS
CCO[Si](C)(C)CCl	IGMQAYXTTRYCPZ
CC1OC1C1CCC2(C)OC2C1	YIEDFHHVUWKOEV
ClC(Cl)=C(Cl)C#N	RIMSDWNIRWMXBC
CCC(C)CC(CC)NC1=CC=C(NC(CC)CC(C)CC)C=C1	JUHXTONDLXIGGK
CCCCCCC=C	KWKAKUADMBZCLK
OC(=O)CCl	FOCAUTSVDIKZOP
[H]C12CCC([H])(C1)C1CCCC21	LPSXSORODABQKT
COC(Cl)=O	XMJHPCRAQCTCFT
ClC1=C(Cl)C=C(C=C1)N=C=O	MFUVCHZWGSJKEQ
FC(F)Cl	VOPWNXZWBYDODV
CC1=COC=C1	KJRRQXYWFQKJIP
NC1=NC(=NC(N)=N1)C1=CC=CC=C1	GZVHEAJQGPRDLQ
CC1(CCCCC1)C(Cl)=O	STPXIOFWKOIYHX
FC1=CC(=CC(Cl)=C1F)C(F)(F)F	RZMVFJHGONCXQR
NCCN	PIICEJLVQHRZGT
[C-]#[O+]	UGFAIRIUMAVXCW
CCOP(Cl)(=S)OCC	KMJJJTCKNZYTEY
FC(F)=C(F)Cl	UUAGAQFQZIEFAH
OCC#C	TVDSBUOJIPERQY
COC(OC)C=CC	NOYRGONWBIVLEL
CC(O)C#C	GKPOMITUDGXOSB
CCN1CCCCC1	HTLZVHNRZJPSMI
C=CC=O	HGINCPLSRVDWNT
C1=CC=CC=C1	UHOVQNZJYSORNB
CCCCCCCCCCCCCCCCCCCCCC(C)C	JNHSEDRFFJZMLH
CCO[Si](OCC)(OCC)OCC	BOTDANWDWHJENH
FC(Cl)(Cl)C(F)(Cl)Cl	UGCSPKPEHQEOSR
ClCCOCCCl	ZNSMNVMLTJELDZ
CCCCCCCCCCC=C	CRSBERNSMYQZNG
O=CC=O	LEQAOMBKQFMDFZ
[O-][N+](=O)C([N+]([O-])=O)([N+]([O-])=O)[N+]([O-])=O	NYTOUQBROMCLBJ
CN(C=NC1=CC=C(C)C=C1C)C=NC1=CC=C(C)C=C1C	QXAITBQSYVNQDR
CCCCBr	MPPPKRYCTPRNTB
[H]C12OC3C=C(C)C(CC3(COC(C)=O)C(C)(C(OC(C)=O)C1O)C21CO1)OC(=O)CC(C)C	BXFOFFBJRFZBQZ
FC(Cl)C(F)(F)C(F)(F)Cl	UJIGKESMIPTWJH
CC1=CC=CC=C1[N+]([O-])=O	PLAZTCDQAHEYBI
CN1CCCCC1	PAMIQIKDUOTOBW
FC(F)(F)C(Br)=C	QKBKGNDTLQFSEU
OC(C(F)(F)F)C(F)(F)F	BYEAHWXPCBROCE
C1COCCN1	YNAVUWVOSKDBBP
O=CC1CCC=CO1	NPWYTMFWRRIFLK
CC(C)C1=CC(C(C)C)=C(N=C=O)C(C(C)C)=C1N=C=O	AZAKSPACDDRBQB
CC1(C)C2CCC1(C)C(O)C2	DTGKSKDOIYIVQL
CN(C)CC(CN(C)C)OC(=O)C(C)=C	AUBDFVCIDMEAKS
CC(C)Cl	ULYZAYCEDJDHCC
C1CC2=C(CN1)C=CC=C2	UWYZHKAOTLEWKK
COC1=NC(NC(C)C)=NC(NC(C)C)=N1	ISEUFVQQFVOBCY
BrCC=C	BHELZAPQIKSEDF
CC(=C)C#CC=C	JDIZEHGMNIBSPL
ClCC(=O)CCl	SUNMBRGCANLOEG
CCOCC	RTZKZFJDLAIYFH
COCCOC	XTHFKEDIFFGKHM
CC(CCl)[N+]([O-])=O	FPJNQQRSBJPGHM
CC(C)N1C(=O)C2=C(NS1(=O)=O)C=CC=C2	ZOMSMJKLGFBRBS
CC(C)O[N+]([O-])=O	GAPFWGOSHOCNBM
CC(=O)OO[N+]([O-])=O	VGQXTTSVLMQFHM
COC(=O)C=C(C)OP(=O)(OC)OC	GEPDYQSQVLXLEU
CC(C)(O)CCC1=CC=CC=C1	YXVSKJDFNJFXAJ
CCCCOC(=O)C(C)=C	SOGAXMICEFXMKE
COC(=O)CCC(Br)C(C)=O	AOWIKWNIPGIZGG
CCC	ATUOYWHBWRKTHZ
CC(=O)OC(C=C)C#N	MEHLEOUIWVWVBF
CC(C)CC=O	YGHRJJRRZDOVPD
COP(=O)(OC)OC=C(Cl)Cl	OEBRKCOSUFCWJD
CCCCCCCSC	FJDWJOQOEZRIDJ
CC(C)OC(C)=O	JMMWKPVZQRWMSS
CNC(=O)OC1=C2C=CSC2=CC=C1	BOTUVXISJHKZKJ
CCN(CC)CC#C	JZJXKEWVUBVOEH
CC1CN(CC(C)O1)C1CCCCCCCCCCC1	JMXKCYUTURMERF
CC(C)CCN	BMFVGAAISNGQNM
NC1=CC=C(N)C=C1	CBCKQZAAMUWICA
CN(C)C#N	OAGOUCJGXNLJNL
CCCCNCC	QHCCDDQKNUYGNC
FC(F)(F)C(F)(F)Cl	RFCAUADVODFSLZ
CC(C)N=NC(N)=S	SVVFWWUVVASHTR
O=C=NCC1CCCC(CN=C=O)C1	XSCLFFBWRKTMTE
CC(F)CCCC(=O)OCCF	GTOZSKMMLOMDHE
CSCCC=O	CLUWOWRTHNNBBU
CC1(C)CON(CC2=C(Cl)C=CC=C2)C1=O	KIEDNEWSYUYDSN
ClC1=CC=C(C=C1)N=C=O	ADAKRBAJFHTIEW
FC(F)(Cl)Br	MEXUFEQDCXZEON
SCCC(=O)OCCOC(=O)CCS	HAQZWTGSNCDKTK
BrC(Br)C(Br)Br	QXSZNDIIPUOQMB
CCCN	WGYKZJWCGVVSQN
CO[Si](C)(CN=C=O)OC	HENJUOQEQGBPSV
COS(F)(=O)=O	MBXNQZHITVCSLJ
COC1=C2C3=C(OC)C=C4C5=C(C=CC=C5)C(=O)C5=C4C3=C(C=C5)C3=C2C2=C(C=C3)C(=O)C3=C(C=CC=C3)C2=C1	JXUKQCUPTNLTCS
CCOC(OCC)OCC	GKASDNZWUGIAMG
CC(Cl)(Cl)Cl	UOCLXMDMGBRAIB
FC(F)(F)C(F)(F)C(F)(F)C(F)(F)C(F)(F)F	NJCBUSHGCBERSK
CC1=CC(C)(C)CC(=O)C1	LKOKKQDYMZUSCG
CC(C)(C)C1=CC=C(OC2CCCCC2OS(=O)OCC#C)C=C1	ZYHMJXZULPZUED
CC(C)C1=CC=CC(C(C)C)=C1N=C=O	FEUFNKALUGDEMQ
C#CC(=NOCC1OCCO1)C1=CC=CC=C1	YEMRRKGCMRSREH
O=CCCCC=O	SXRSQZLOMIGNAQ
CC(C)(OC(=O)C1=C(Cl)C=CC(N)=C1)C(=O)OCC=C	RGPKEFLHWNRAPS
CC=C1CCCCC1	BPBOWYWUOUJKLO
O=C1C2=C(SC(C#N)=C(S2)C#N)C(=O)C2=C1C=CC=C2	PYZSVQVRHDXQSL
CC(=C)C(=O)OCC1CO1	VOZRXNHHFUQHIL
ClC1CCC=C1	LPSWJRSLXCPGBK
CCC=C(C)C=O	IDEYZABHVQLHAF
CCOP(=S)(OCC)OP(=S)(OCC)OCC	XIUROWKZWPIAIB
CCOP(=S)(OCC)OC1=CC=C(C=C1)S(C)=O	XDNBJTQLKCIJBV
CCC(C)=O	ZWEHNKRNPOVVGH
FC(F)(F)C#CC(F)(F)F	WBCLXFIDEDJGCC
CCl	NEHMKBQYUWJMIP
FC(F)(F)C1=CC=CC=C1	GETTZEONDQJALK
OC(=O)C(F)(F)F	DTQVDTLACAAQTR
CCNC(C)C(C)C	FQBQBRBAJDVVOH
FC(F)=C(F)C(F)(F)OC(F)(F)C(F)(F)C(F)(F)F	NMIIWCRFNNKLNX
O=C=NC1=CC=CC2=C(C=CC=C12)N=C=O	SBJCUZQNHOLYMD
CCCCOC(=O)N(C)SN(C)C(=O)OC1=CC=CC2=C1OC(C)(C)C2	HAWJXYBZNNRMNO
O=C1C=CC(=O)N1CCCCCCN1C(=O)C=CC1=O	PYVHLZLQVWXBDZ
CCOP(=S)(OC1=CC=C(C=C1)[N+]([O-])=O)C1=CC=CC=C1	AIGRXSNSLVJMEA
FC(F)(F)C(=O)C(F)(F)F	VBZWSGALLODQNC
CCCCC(CC)C(=O)OOC(C)(C)C	WYKYCHHWIJXDAO
CC(C)(C)[N+]#[C-]	FAGLEPBREOXSAC
CCN(CC)C1=CC=CC=C1	GGSUCNLOZRCGPQ
COC(=O)C(C)(C)N=NC(C)(C)C(=O)OC	ZQMHJBXHRFJKOT
COC(=O)C(=C)C#N	MWCLLHOVUTZFKS
CC(C)C1CCC(C)CC1O	NOOLISFMXDJSKH
FC(F)OC(Cl)C(F)(F)F	PIWKPBJCKXDKJR
C[Si](Cl)(Cl)CC[Si](C)(Cl)Cl	VFURVLVRHAMJKG
CC(O)CN(C)C	NCXUNZWLEYGQAH
FC(F)(F)C(Cl)(Cl)Cl	BOSAWIQFTJIYIS
CC(C)(C)C(Cl)=O	JVSFQJZRHXAUGT
C[Si](CN1C=NC=N1)(C1=CC=C(F)C=C1)C1=CC=C(F)C=C1	FQKUGOMFVDPBIZ
CCOP(=S)(OCC)SCCl	QGTYWWGEWOBMAK
CC1=CC=C(C=C1N=C=O)N=C=O	DVKJHBMWWAPEIU
CC(C)(C)C(=O)C#N	NPBLQPWAISGYEU
CCCCC(CC)COC(=O)CS[Sn](CCCC)(CCCC)SCC(=O)OCC(CC)CCCC	PRIUALOJYOZZOJ
[H]C(=C([H])C(F)(F)F)C(F)(F)F	NLOLSXYRJFEOTA
CC1=C(C)C(CCl)=C(CCl)C=C1	SQFQIHCPTTUZCP
CCCCCCCCCCCCCCCCCCCCCC	HOWGUJZVBDQJKV
OCC(O)=O	AEMRFAOFKBGASW
CC(=C)C(=O)OC(=O)C(C)=C	DCUFMVPCXCSVNP
CC(Cl)(Cl)N=O	FALBQWHGTLHCLC
BrCBr	FJBFPHVGVWTDIP
CC(O)CCl	YYTSGNJTASLUOY
O=C(OCC1OC(COC(=O)c2ccccc2)(OC2OC(COC(=O)c3ccccc3)C(OC(=O)c3ccccc3)C(OC(=O)c3ccccc3)C2OC(=O)c2ccccc2)C(OC(=O)c2ccccc2)C1OC(=O)c1ccccc1)c1ccccc1	AKIVKIDZMLQJCH
CCOC(=O)C(C)=C	SUPCQIBBMFXVTL
CCOCCOC(C)(C)C	NUNQKTCKURIZQX
ClSC(Cl)(Cl)Cl	RYFZYYUIAZYQLC
OC(=O)C(F)F	PBWZKZYHONABLN
FC(F)(F)Br	RJCQBQGAPKAMLL
ClC1=C(Cl)C(C#N)=C(Cl)C(C#N)=C1Cl	CRQQGFGUEAVUIL
CCCCI	KMGBZBJJOKUPIA
CCCN(CCC)C(=O)SCC	GUVLYNGULCJVDO
O=CC1=CC=CO1	HYBBIBNJHNGZAN
CCOP(=O)(NC(C)C)OC1=CC=C(SC)C(C)=C1	ZCJPOPBZHLUFHF
CCOC(C)=O	XEKOWRVHYACXOJ
COP(=S)(OC)OC1=CC=C(C=C1)[N+]([O-])=O	RLBIQVVOMOPOHC
CCCCCCS	PMBXCGGQNSVESQ
CCC(C)OC(Cl)=O	YSMHTFWPDRJCMN
CN	BAVYZALUXZFZLV
CC(C)CI	BTUGGGLMQBJCBN
C[Si](Cl)(Cl)CCl	JAYBZWYBCUJLNQ
CCCCCCCCN	IOQPZZOEVPZRBK
CNCCCN	QHJABUZHRJTCAR
N#CC#CC#N	ZEHZNAXXOOYTJM
CC1=CC=C(C=C)C=N1	VJOWMORERYNYON
FC(F)(F)C(F)(F)C(F)(F)C(F)(F)C(F)(F)C(F)(F)S(F)(F)(F)(F)F	GVPQTQICQWIEKB
C1=CC=C(C=C1)P(C1=CC=CC=C1)C1=CC=CC=C1	RIOQSEWOXXDEQQ
CCSC(Cl)=O	QCMHWZUFWLOOGI
C1CN1	NOWKCMXCCJGMRR
CNC(=O)ON=CC(C)(C)SC	QGLZXHRNAYXIBU
CC(C)(C)OC(=O)CCl	KUYMVWXKHQSIAS
CCC1CO1	RBACIKXCRWGCBB
CC(C)N(CCO)C(C)C	ZYWUVGFIXPNBDL
[O-][N+](=O)C(Cl)(Cl)Cl	LFHISGNCFUNFFM
CNC(=O)ON=C(SC)C(=O)N(C)C	KZAUOCCYDRDERY
COC(=O)CCl	QABLOFMHHSOFRJ
OCC(O)CS	PJUIMOJAAPLTRJ
CCOC(=O)C(C)C1CCCCC1	PZUDDXJZNSJESK
CCC1=CC=CC(C)=C1N	JJVKJJNCIILLRP
CCO[SiH](OCC)OCC	QQQSFSZALRVCSZ
CCCCN(CCCC)CCCC	IMFACGCPASFAPR
CCCC[Sn](CCCC)(CCCC)O[Sn](CCCC)(CCCC)CCCC	APQHKWPGGHMYKJ
CCC[N+]([O-])=O	JSZOAYXJRCEYSX
CCCCOC(=O)C1=CC=CC=C1C(=O)OCCCC	DOIRQSBPFJWKBE
ClC(Cl)=C	LGXVIGDEPROXKC
FC(F)C(\F)=C\Cl	USCSECLOSDIOTA
C=CC#N	NLHHRLWOUZZQLW
O=C=NCC1=CC(CN=C=O)=CC=C1	RTTZISZSHSCFRH
CC(C)OC(=O)N(OC(C)=O)C1=CC=CC=C1	ODIGIKRIUKFKHP
OCCCl	SZIFAVKTNFCBPC
CCSC(=O)N1CCCCCC1	DEDOPGXGGQYYMW
CC(C)O	KFZMGEQAYNKOFK
C1CCNCC1	NQRYJNQNLNOLGT
CC(C)CON=O	APNSGVMLAYLYCT
